{
    "loss": 12.703768730163574,
    "accuracy": 0.785953164100647
}