{
    "loss": 0.7625159025192261,
    "accuracy": 0.9163879752159119
}