{
    "loss": 0.10975208133459091,
    "accuracy": 0.9632107019424438
}