{
    "loss": 0.13966184854507446,
    "accuracy": 0.9364548325538635
}